frame,scenario,is_burst_frame,particles_alive,resource_blobs_alive,linear_used_bytes,linear_peak_bytes,stack_used_bytes,stack_peak_bytes,pool_capacity,pool_free_slots,free_list_used_bytes,free_list_peak_bytes,free_list_total_free_bytes,free_list_largest_free_block,free_list_free_block_count,free_list_fragmentation_ratio,allocation_failures_this_frame,allocation_failures_total
0,steady,0,20000,16,835168,835168,0,25652,50000,30000,8096,8096,8380512,8380512,1,0,0,0
1,steady,0,20000,32,835168,835168,0,25652,50000,30000,14413,14413,8374195,8374195,1,0,0,0
2,steady,0,20000,48,835168,835168,0,25652,50000,30000,22795,22795,8365813,8365813,1,0,0,0
3,steady,0,20000,64,835168,835168,0,25652,50000,30000,31129,31129,8357479,8357479,1,0,0,0
4,steady,0,20000,80,835168,835168,0,25652,50000,30000,38443,38443,8350165,8350165,1,0,0,0
5,steady,0,20000,96,835168,835168,0,25652,50000,30000,46175,46175,8342433,8342433,1,0,0,0
6,steady,0,20000,112,835168,835168,0,25652,50000,30000,54188,54188,8334420,8334420,1,0,0,0
7,steady,0,20000,128,835168,835168,0,25652,50000,30000,63377,63377,8325231,8325231,1,0,0,0
8,steady,0,20000,144,835168,835168,0,25652,50000,30000,73618,73618,8314990,8314990,1,0,0,0
9,steady,0,20000,160,835168,835168,0,25652,50000,30000,82497,82497,8306111,8306111,1,0,0,0
10,steady,0,20000,176,835168,835168,0,25652,50000,30000,91774,91774,8296834,8296834,1,0,0,0
11,steady,0,20000,192,835168,835168,0,25652,50000,30000,99422,99422,8289186,8289186,1,0,0,0
12,steady,0,20000,208,835168,835168,0,25652,50000,30000,108452,108452,8280156,8280156,1,0,0,0
13,steady,0,20000,224,835168,835168,0,25652,50000,30000,117047,117047,8271561,8271561,1,0,0,0
14,steady,0,20000,240,835168,835168,0,25652,50000,30000,125272,125272,8263336,8263336,1,0,0,0
15,steady,0,20000,256,835168,835168,0,25652,50000,30000,132894,132894,8255714,8255714,1,0,0,0
16,steady,0,20000,272,835168,835168,0,25652,50000,30000,144014,144014,8244594,8244594,1,0,0,0
17,steady,0,20000,288,835168,835168,0,25652,50000,30000,155197,155197,8233411,8233411,1,0,0,0
18,steady,0,20000,304,835168,835168,0,25652,50000,30000,165489,165489,8223119,8223119,1,0,0,0
19,steady,0,20000,320,835168,835168,0,25652,50000,30000,176394,176394,8212214,8212214,1,0,0,0
20,steady,0,20000,336,835168,835168,0,25652,50000,30000,185372,185372,8203236,8203236,1,0,0,0
21,steady,0,20000,352,835168,835168,0,25652,50000,30000,195840,195840,8192768,8192768,1,0,0,0
22,steady,0,20000,368,835168,835168,0,25652,50000,30000,204497,204497,8184111,8184111,1,0,0,0
23,steady,0,20000,384,835168,835168,0,25652,50000,30000,214425,214425,8174183,8174183,1,0,0,0
24,steady,0,20000,400,835168,835168,0,25652,50000,30000,222388,222388,8166220,8166220,1,0,0,0
25,steady,0,20000,416,835168,835168,0,25652,50000,30000,231510,231510,8157098,8157098,1,0,0,0
26,steady,0,20000,432,835168,835168,0,25652,50000,30000,240102,240102,8148506,8148506,1,0,0,0
27,steady,0,20000,448,835168,835168,0,25652,50000,30000,250980,250980,8137628,8137628,1,0,0,0
28,steady,0,20000,464,835168,835168,0,25652,50000,30000,261984,261984,8126624,8126624,1,0,0,0
29,steady,0,20000,480,835168,835168,0,25652,50000,30000,270177,270177,8118431,8118431,1,0,0,0
30,steady,0,20000,496,835168,835168,0,25652,50000,30000,279288,279288,8109320,8109320,1,0,0,0
31,steady,0,20000,512,835168,835168,0,25652,50000,30000,288190,288190,8100418,8100418,1,0,0,0
32,steady,0,20000,528,835168,835168,0,25652,50000,30000,295045,295045,8093563,8093563,1,0,0,0
33,steady,0,20000,542,835168,835168,0,25652,50000,30000,300727,300727,8087881,8087834,2,5.81116e-06,0,0
34,steady,0,20000,556,835168,835168,0,25652,50000,30000,308850,308850,8079758,8079533,4,2.78474e-05,0,0
35,steady,0,20000,572,835168,835168,0,25652,50000,30000,316652,316652,8071956,8071838,3,1.46185e-05,0,0
36,steady,0,20000,588,835168,835168,0,25652,50000,30000,325756,325756,8062852,8062734,3,1.4635e-05,0,0
37,steady,0,20000,602,835168,835168,0,25652,50000,30000,333604,333604,8055004,8054766,4,2.95469e-05,0,0
38,steady,0,20000,616,835168,835168,0,25652,50000,30000,340023,340023,8048585,8048433,4,1.88853e-05,0,0
39,steady,0,20000,629,835168,835168,0,25652,50000,30000,346030,346030,8042578,8042261,7,3.94152e-05,0,0
40,steady,0,20000,642,835168,835168,0,25652,50000,30000,353589,353589,8035019,8034265,10,9.38392e-05,0,0
41,steady,0,20000,658,835168,835168,0,25652,50000,30000,362506,362506,8026102,8025524,10,7.2015e-05,0,0
42,steady,0,20000,672,835168,835168,0,25652,50000,30000,371504,371504,8017104,8016425,11,8.46939e-05,0,0
43,steady,0,20000,687,835168,835168,0,25652,50000,30000,379870,379870,8008738,8008018,12,8.99018e-05,0,0
44,steady,0,20000,699,835168,835168,0,25652,50000,30000,385708,385708,8002900,8002025,14,0.000109335,0,0
45,steady,0,20000,713,835168,835168,0,25652,50000,30000,393729,393729,7994879,7993922,16,0.000119702,0,0
46,steady,0,20000,726,835168,835168,0,25652,50000,30000,401789,401789,7986819,7985464,19,0.000169655,0,0
47,steady,0,20000,738,835168,835168,0,25652,50000,30000,408403,408403,7980205,7977968,23,0.000280319,0,0
48,steady,0,20000,749,835168,835168,0,25652,50000,30000,415191,415191,7973417,7970756,27,0.000333734,0,0
49,steady,0,20000,760,835168,835168,0,25652,50000,30000,420396,420396,7968212,7965911,30,0.000288772,0,0
50,steady,0,20000,773,835168,835168,0,25652,50000,30000,428602,428602,7960006,7957748,31,0.000283668,0,0
51,steady,0,20000,787,835168,835168,0,25652,50000,30000,434841,434841,7953767,7951467,33,0.000289171,0,0
52,steady,0,20000,800,835168,835168,0,25652,50000,30000,443081,443081,7945527,7943093,34,0.000306336,0,0
53,steady,0,20000,813,835168,835168,0,25652,50000,30000,451436,451436,7937172,7934402,36,0.000348991,0,0
54,steady,0,20000,821,835168,835168,0,25652,50000,30000,457735,457735,7930873,7926911,42,0.000499567,0,0
55,steady,0,20000,830,835168,835168,0,25652,50000,30000,463730,463730,7924878,7920697,43,0.000527579,0,0
56,steady,0,20000,840,835168,835168,0,25652,50000,30000,468388,468388,7920220,7915713,46,0.00056905,0,0
57,steady,0,20000,853,835168,835168,0,25652,50000,30000,476392,476392,7912216,7907716,47,0.000568741,0,0
58,steady,0,20000,863,835168,835168,0,25652,50000,30000,480771,480771,7907837,7902902,50,0.000624064,0,0
59,steady,0,20000,871,835168,835168,0,25652,50000,30000,486485,486485,7902123,7896171,56,0.000753215,0,0
60,steady,0,20000,879,835168,835168,0,25652,50000,30000,489328,489328,7899280,7893251,59,0.000763234,0,0
61,steady,0,20000,890,835168,835168,0,25652,50000,30000,496461,496461,7892147,7886261,63,0.000745805,0,0
62,steady,0,20000,896,835168,835168,0,25652,50000,30000,499118,499118,7889490,7883049,69,0.000816403,0,0
63,steady,0,20000,907,835168,835168,0,25652,50000,30000,503546,503546,7885062,7879106,73,0.000755352,0,0
64,steady,0,20000,916,835168,835168,0,25652,50000,30000,506561,506561,7882047,7875333,78,0.000851809,0,0
65,steady,0,20000,926,835168,835168,0,25652,50000,30000,511998,511998,7876610,7869973,82,0.000842621,0,0
66,steady,0,20000,934,835168,835168,0,25652,50000,30000,519264,519264,7869344,7861614,87,0.000982293,0,0
67,steady,0,20000,944,835168,835168,0,25652,50000,30000,523509,523509,7865099,7857415,89,0.000976974,0,0
68,steady,0,20000,955,835168,835168,0,25652,50000,30000,527625,527625,7860983,7853194,90,0.000990843,0,0
69,steady,0,20000,965,835168,835168,0,25652,50000,30000,534166,534166,7854442,7845694,96,0.00111376,0,0
70,steady,0,20000,970,835168,835168,0,25652,50000,30000,537681,537681,7850927,7840834,104,0.00128558,0,0
71,steady,0,20000,980,835168,835168,0,25652,50000,30000,541863,541863,7846745,7836470,107,0.00130946,0,0
72,steady,0,20000,987,835168,835168,0,25652,50000,30000,545289,545289,7843319,7832039,114,0.00143817,0,0
73,steady,0,20000,993,835168,835168,0,25652,50000,30000,548052,548052,7840556,7828315,120,0.00156124,0,0
74,steady,0,20000,1002,835168,835168,0,25652,50000,30000,551898,551898,7836710,7823632,122,0.00166881,0,0
75,steady,0,20000,1010,835168,835168,0,25652,50000,30000,557910,557910,7830698,7817642,127,0.00166728,0,0
76,steady,0,20000,1019,835168,835168,0,25652,50000,30000,563066,563066,7825542,7812684,127,0.00164308,0,0
77,steady,0,20000,1033,835168,835168,0,25652,50000,30000,572643,572643,7815965,7803080,127,0.00164855,0,0
78,steady,0,20000,1041,835168,835168,0,25652,50000,30000,576799,576799,7811809,7798745,131,0.00167234,0,0
79,steady,0,20000,1054,835168,835168,0,25652,50000,30000,585081,585081,7803527,7790620,131,0.001654,0,0
80,steady,0,20000,1063,835168,835168,0,25652,50000,30000,588705,588705,7799903,7787687,130,0.00156617,0,0
81,steady,0,20000,1070,835168,835168,0,25652,50000,30000,592610,592610,7795998,7783262,133,0.00163366,0,0
82,steady,0,20000,1077,835168,835168,0,25652,50000,30000,596697,596697,7791911,7778703,137,0.00169509,0,0
83,steady,0,20000,1084,835168,835168,0,25652,50000,30000,600017,600017,7788591,7774577,144,0.0017993,0,0
84,steady,0,20000,1095,835168,835168,0,25652,50000,30000,605424,605424,7783184,7769138,145,0.00180466,0,0
85,steady,0,20000,1103,835168,835168,0,25652,50000,30000,610319,610319,7778289,7764686,145,0.00174884,0,0
86,steady,0,20000,1111,835168,835168,0,25652,50000,30000,615727,615727,7772881,7758203,151,0.00188836,0,0
87,steady,0,20000,1111,835168,835168,0,25652,50000,30000,617219,617219,7771389,7754388,160,0.00218764,0,0
88,steady,0,20000,1112,835168,835168,0,25652,50000,30000,618023,618023,7770585,7750493,173,0.00258565,0,0
89,steady,0,20000,1119,835168,835168,0,25652,50000,30000,622714,622714,7765894,7744627,177,0.00273851,0,0
90,steady,0,20000,1126,835168,835168,0,25652,50000,30000,625753,625753,7762855,7741579,181,0.00274074,0,0
91,steady,0,20000,1129,835168,835168,0,25652,50000,30000,629627,629627,7758981,7736555,191,0.00289033,0,0
92,steady,0,20000,1131,835168,835168,0,25652,50000,30000,634056,634056,7754552,7729181,201,0.00327176,0,0
93,steady,0,20000,1139,835168,835168,0,25652,50000,30000,637280,637280,7751328,7726818,201,0.00316204,0,0
94,steady,0,20000,1149,835168,835168,0,25652,50000,30000,642034,642034,7746574,7724584,200,0.00283867,0,0
95,steady,0,20000,1148,835168,835168,0,25652,50000,30000,638708,642034,7749900,7724584,204,0.00326662,0,0
96,steady,0,20000,1149,835168,835168,0,25652,50000,30000,637998,642034,7750610,7723556,213,0.00349056,0,0
97,steady,0,20000,1155,835168,835168,0,25652,50000,30000,640691,642034,7747917,7721923,220,0.00335497,0,0
98,steady,0,20000,1162,835168,835168,0,25652,50000,30000,644100,644100,7744508,7718948,226,0.0033004,0,0
99,steady,0,20000,1170,835168,835168,0,25652,50000,30000,645578,645578,7743030,7717979,229,0.0032353,0,0
100,steady,0,20000,1176,835168,835168,0,25652,50000,30000,648014,648014,7740594,7715181,231,0.00328308,0,0
101,steady,0,20000,1180,835168,835168,0,25652,50000,30000,648743,648743,7739865,7713665,237,0.00338507,0,0
102,steady,0,20000,1186,835168,835168,0,25652,50000,30000,652154,652154,7736454,7709951,238,0.00342573,0,0
103,steady,0,20000,1187,835168,835168,0,25652,50000,30000,651304,652154,7737304,7708906,250,0.00367027,0,0
104,steady,0,20000,1191,835168,835168,0,25652,50000,30000,653188,653188,7735420,7706840,255,0.00369469,0,0
105,steady,0,20000,1193,835168,835168,0,25652,50000,30000,655057,655057,7733551,7704871,264,0.00370852,0,0
106,steady,0,20000,1196,835168,835168,0,25652,50000,30000,657203,657203,7731405,7702325,270,0.00376128,0,0
107,steady,0,20000,1196,835168,835168,0,25652,50000,30000,658240,658240,7730368,7700798,281,0.00382517,0,0
108,steady,0,20000,1198,835168,835168,0,25652,50000,30000,656392,658240,7732216,7700798,287,0.00406326,0,0
109,steady,0,20000,1199,835168,835168,0,25652,50000,30000,657481,658240,7731127,7698983,298,0.00415774,0,0
110,steady,0,20000,1200,835168,835168,0,25652,50000,30000,657946,658240,7730662,7698237,296,0.00419434,0,0
111,steady,0,20000,1199,835168,835168,0,25652,50000,30000,654925,658240,7733683,7698237,296,0.00458333,0,0
112,steady,0,20000,1202,835168,835168,0,25652,50000,30000,657544,658240,7731064,7696265,305,0.00450119,0,0
113,steady,0,20000,1205,835168,835168,0,25652,50000,30000,660696,660696,7727912,7692527,305,0.00457886,0,0
114,steady,0,20000,1206,835168,835168,0,25652,50000,30000,661626,661626,7726982,7690317,312,0.00474506,0,0
115,steady,0,20000,1208,835168,835168,0,25652,50000,30000,665249,665249,7723359,7685876,319,0.0048532,0,0
116,steady,0,20000,1209,835168,835168,0,25652,50000,30000,668147,668147,7720461,7678752,325,0.0054024,0,0
117,steady,0,20000,1209,835168,835168,0,25652,50000,30000,666035,668147,7722573,7678752,327,0.0056744,0,0
118,steady,0,20000,1213,835168,835168,0,25652,50000,30000,667543,668147,7721065,7677748,331,0.00561024,0,0
119,steady,0,20000,1210,835168,835168,0,25652,50000,30000,665797,668147,7722811,7677012,335,0.00593035,0,0
120,steady,0,20000,1208,835168,835168,0,25652,50000,30000,662764,668147,7725844,7677012,341,0.0063206,0,0
121,steady,0,20000,1208,835168,835168,0,25652,50000,30000,664229,668147,7724379,7674262,351,0.00648816,0,0
122,steady,0,20000,1209,835168,835168,0,25652,50000,30000,663542,668147,7725066,7672446,358,0.00681159,0,0
123,steady,0,20000,1204,835168,835168,0,25652,50000,30000,661649,668147,7726959,7671392,364,0.00719132,0,0
124,steady,0,20000,1197,835168,835168,0,25652,50000,30000,658646,668147,7729962,7671392,373,0.00757701,0,0
125,steady,0,20000,1196,835168,835168,0,25652,50000,30000,657378,668147,7731230,7671392,377,0.00773978,0,0
126,steady,0,20000,1196,835168,835168,0,25652,50000,30000,658113,668147,7730495,7671392,381,0.00764544,0,0
127,steady,0,20000,1198,835168,835168,0,25652,50000,30000,658690,668147,7729918,7671392,383,0.00757136,0,0
128,steady,0,20000,1201,835168,835168,0,25652,50000,30000,662242,668147,7726366,7671392,377,0.00711512,0,0
129,steady,0,20000,1201,835168,835168,0,25652,50000,30000,663369,668147,7725239,7668554,378,0.00733764,0,0
130,steady,0,20000,1198,835168,835168,0,25652,50000,30000,663054,668147,7725554,7666712,381,0.00761654,0,0
131,steady,0,20000,1194,835168,835168,0,25652,50000,30000,661241,668147,7727367,7666712,391,0.00784937,0,0
132,steady,0,20000,1189,835168,835168,0,25652,50000,30000,658511,668147,7730097,7666712,393,0.00819977,0,0
133,steady,0,20000,1190,835168,835168,0,25652,50000,30000,657075,668147,7731533,7666712,394,0.00838398,0,0
134,steady,0,20000,1195,835168,835168,0,25652,50000,30000,661921,668147,7726687,7663748,392,0.00814566,0,0
135,steady,0,20000,1193,835168,835168,0,25652,50000,30000,660156,668147,7728452,7662706,396,0.00850701,0,0
136,steady,0,20000,1190,835168,835168,0,25652,50000,30000,656911,668147,7731697,7662706,399,0.00892314,0,0
137,steady,0,20000,1193,835168,835168,0,25652,50000,30000,657407,668147,7731201,7662706,394,0.00885955,0,0
138,steady,0,20000,1196,835168,835168,0,25652,50000,30000,659939,668147,7728669,7661731,400,0.008661,0,0
139,steady,0,20000,1195,835168,835168,0,25652,50000,30000,660933,668147,7727675,7661731,403,0.00853349,0,0
140,steady,0,20000,1189,835168,835168,0,25652,50000,30000,656450,668147,7732158,7661731,411,0.00910832,0,0
141,steady,0,20000,1186,835168,835168,0,25652,50000,30000,655180,668147,7733428,7661731,414,0.00927105,0,0
142,steady,0,20000,1184,835168,835168,0,25652,50000,30000,655599,668147,7733009,7661731,415,0.00921737,0,0
143,steady,0,20000,1189,835168,835168,0,25652,50000,30000,658578,668147,7730030,7661731,412,0.00883554,0,0
144,steady,0,20000,1197,835168,835168,0,25652,50000,30000,662935,668147,7725673,7660769,411,0.00840108,0,0
145,steady,0,20000,1199,835168,835168,0,25652,50000,30000,665194,668147,7723414,7659752,412,0.00824273,0,0
146,steady,0,20000,1201,835168,835168,0,25652,50000,30000,667657,668147,7720951,7657704,413,0.00819161,0,0
147,steady,0,20000,1208,835168,835168,0,25652,50000,30000,672933,672933,7715675,7653826,413,0.00801602,0,0
148,steady,0,20000,1200,835168,835168,0,25652,50000,30000,672033,672933,7716575,7650917,415,0.0085087,0,0
149,steady,0,20000,1201,835168,835168,0,25652,50000,30000,674706,674706,7713902,7649944,417,0.00829126,0,0
150,steady,0,20000,1197,835168,835168,0,25652,50000,30000,674933,674933,7713675,7648009,418,0.00851293,0,0
151,steady,0,20000,1191,835168,835168,0,25652,50000,30000,673523,674933,7715085,7646260,423,0.00892083,0,0
152,steady,0,20000,1193,835168,835168,0,25652,50000,30000,676819,676819,7711789,7643412,427,0.00886655,0,0
153,steady,0,20000,1192,835168,835168,0,25652,50000,30000,675863,676819,7712745,7643412,428,0.00898941,0,0
154,steady,0,20000,1186,835168,835168,0,25652,50000,30000,671801,676819,7716807,7643412,431,0.00951106,0,0
155,steady,0,20000,1178,835168,835168,0,25652,50000,30000,666032,676819,7722576,7643412,433,0.010251,0,0
156,steady,0,20000,1181,835168,835168,0,25652,50000,30000,667916,676819,7720692,7643412,436,0.0100095,0,0
157,steady,0,20000,1178,835168,835168,0,25652,50000,30000,663553,676819,7725055,7643412,438,0.0105686,0,0
158,steady,0,20000,1175,835168,835168,0,25652,50000,30000,663069,676819,7725539,7643412,444,0.0106306,0,0
159,steady,0,20000,1174,835168,835168,0,25652,50000,30000,663787,676819,7724821,7643412,445,0.0105386,0,0
160,steady,0,20000,1179,835168,835168,0,25652,50000,30000,665872,676819,7722736,7643412,448,0.0102715,0,0
161,steady,0,20000,1184,835168,835168,0,25652,50000,30000,667958,676819,7720650,7643412,447,0.0100041,0,0
162,steady,0,20000,1181,835168,835168,0,25652,50000,30000,665141,676819,7723467,7643412,443,0.0103652,0,0
163,steady,0,20000,1190,835168,835168,0,25652,50000,30000,670553,676819,7718055,7643412,444,0.00967122,0,0
164,steady,0,20000,1186,835168,835168,0,25652,50000,30000,669552,676819,7719056,7643412,442,0.00979964,0,0
165,steady,0,20000,1187,835168,835168,0,25652,50000,30000,667132,676819,7721476,7643412,445,0.01011,0,0
166,steady,0,20000,1191,835168,835168,0,25652,50000,30000,668823,676819,7719785,7643412,443,0.00989315,0,0
167,steady,0,20000,1195,835168,835168,0,25652,50000,30000,672178,676819,7716430,7643412,444,0.00946267,0,0
168,steady,0,20000,1192,835168,835168,0,25652,50000,30000,671855,676819,7716753,7643412,444,0.00950413,0,0
169,steady,0,20000,1194,835168,835168,0,25652,50000,30000,670988,676819,7717620,7643412,444,0.0096154,0,0
170,steady,0,20000,1200,835168,835168,0,25652,50000,30000,673072,676819,7715536,7643412,445,0.00934789,0,0
171,steady,0,20000,1197,835168,835168,0,25652,50000,30000,670701,676819,7717907,7643412,445,0.00965223,0,0
172,steady,0,20000,1201,835168,835168,0,25652,50000,30000,673693,676819,7714915,7643412,443,0.00926815,0,0
173,steady,0,20000,1205,835168,835168,0,25652,50000,30000,677392,677392,7711216,7643412,442,0.00879291,0,0
174,steady,0,20000,1199,835168,835168,0,25652,50000,30000,672717,677392,7715891,7643412,442,0.00939347,0,0
175,steady,0,20000,1196,835168,835168,0,25652,50000,30000,674801,677392,7713807,7643412,445,0.00912584,0,0
176,steady,0,20000,1200,835168,835168,0,25652,50000,30000,678535,678535,7710073,7642420,442,0.00877463,0,0
177,steady,0,20000,1200,835168,835168,0,25652,50000,30000,677303,678535,7711305,7642420,439,0.00893299,0,0
178,steady,0,20000,1196,835168,835168,0,25652,50000,30000,672975,678535,7715633,7642420,438,0.00948892,0,0
179,steady,0,20000,1198,835168,835168,0,25652,50000,30000,675364,678535,7713244,7642420,441,0.00918213,0,0
180,steady,0,20000,1202,835168,835168,0,25652,50000,30000,679918,679918,7708690,7640364,445,0.0088635,0,0
181,steady,0,20000,1206,835168,835168,0,25652,50000,30000,683091,683091,7705517,7640364,443,0.00845537,0,0
182,steady,0,20000,1206,835168,835168,0,25652,50000,30000,682427,683091,7706181,7640364,446,0.00854081,0,0
183,steady,0,20000,1213,835168,835168,0,25652,50000,30000,688240,688240,7700368,7640364,447,0.00779235,0,0
184,steady,0,20000,1211,835168,835168,0,25652,50000,30000,684758,688240,7703850,7640364,450,0.00824081,0,0
185,steady,0,20000,1202,835168,835168,0,25652,50000,30000,677171,688240,7711437,7640364,450,0.00921657,0,0
186,steady,0,20000,1204,835168,835168,0,25652,50000,30000,674684,688240,7713924,7640364,447,0.009536,0,0
187,steady,0,20000,1213,835168,835168,0,25652,50000,30000,679785,688240,7708823,7640364,442,0.0088806,0,0
188,steady,0,20000,1213,835168,835168,0,25652,50000,30000,677173,688240,7711435,7640364,440,0.00921631,0,0
189,steady,0,20000,1217,835168,835168,0,25652,50000,30000,679485,688240,7709123,7640364,442,0.00891917,0,0
190,steady,0,20000,1221,835168,835168,0,25652,50000,30000,683980,688240,7704628,7640364,441,0.00834096,0,0
191,steady,0,20000,1220,835168,835168,0,25652,50000,30000,684357,688240,7704251,7640364,442,0.00829243,0,0
192,steady,0,20000,1220,835168,835168,0,25652,50000,30000,684192,688240,7704416,7640364,446,0.00831367,0,0
193,steady,0,20000,1217,835168,835168,0,25652,50000,30000,679445,688240,7709163,7640364,446,0.00892432,0,0
194,steady,0,20000,1217,835168,835168,0,25652,50000,30000,679757,688240,7708851,7640364,442,0.0088842,0,0
195,steady,0,20000,1216,835168,835168,0,25652,50000,30000,680079,688240,7708529,7640364,443,0.0088428,0,0
196,steady,0,20000,1215,835168,835168,0,25652,50000,30000,680488,688240,7708120,7640364,445,0.00879021,0,0
197,steady,0,20000,1213,835168,835168,0,25652,50000,30000,678266,688240,7710342,7640364,447,0.00907586,0,0
198,steady,0,20000,1211,835168,835168,0,25652,50000,30000,679237,688240,7709371,7640364,450,0.00895105,0,0
199,steady,0,20000,1213,835168,835168,0,25652,50000,30000,682324,688240,7706284,7640364,450,0.00855406,0,0
200,steady,0,20000,1212,835168,835168,0,25652,50000,30000,680911,688240,7707697,7640364,454,0.00873581,0,0
201,steady,0,20000,1208,835168,835168,0,25652,50000,30000,680279,688240,7708329,7640364,455,0.00881709,0,0
202,steady,0,20000,1208,835168,835168,0,25652,50000,30000,681395,688240,7707213,7638353,455,0.00893449,0,0
203,steady,0,20000,1210,835168,835168,0,25652,50000,30000,683348,688240,7705260,7638353,457,0.00868329,0,0
204,steady,0,20000,1212,835168,835168,0,25652,50000,30000,685279,688240,7703329,7637323,460,0.0085685,0,0
205,steady,0,20000,1217,835168,835168,0,25652,50000,30000,689993,689993,7698615,7634007,455,0.00839216,0,0
206,steady,0,20000,1213,835168,835168,0,25652,50000,30000,686995,689993,7701613,7634007,459,0.00877816,0,0
207,steady,0,20000,1206,835168,835168,0,25652,50000,30000,684962,689993,7703646,7634007,463,0.00903975,0,0
208,steady,0,20000,1207,835168,835168,0,25652,50000,30000,684282,689993,7704326,7634007,462,0.00912721,0,0
209,steady,0,20000,1206,835168,835168,0,25652,50000,30000,682517,689993,7706091,7634007,463,0.00935416,0,0
210,steady,0,20000,1197,835168,835168,0,25652,50000,30000,678592,689993,7710016,7634007,466,0.00985848,0,0
211,steady,0,20000,1200,835168,835168,0,25652,50000,30000,681656,689993,7706952,7634007,461,0.00946483,0,0
212,steady,0,20000,1200,835168,835168,0,25652,50000,30000,681142,689993,7707466,7634007,462,0.00953089,0,0
213,steady,0,20000,1193,835168,835168,0,25652,50000,30000,678134,689993,7710474,7634007,466,0.00991729,0,0
214,steady,0,20000,1184,835168,835168,0,25652,50000,30000,673869,689993,7714739,7634007,465,0.0104646,0,0
215,steady,0,20000,1186,835168,835168,0,25652,50000,30000,674944,689993,7713664,7634007,458,0.0103267,0,0
216,steady,0,20000,1191,835168,835168,0,25652,50000,30000,677824,689993,7710784,7634007,459,0.00995709,0,0
217,steady,0,20000,1196,835168,835168,0,25652,50000,30000,681920,689993,7706688,7634007,455,0.0094309,0,0
218,steady,0,20000,1200,835168,835168,0,25652,50000,30000,683526,689993,7705082,7634007,457,0.00922443,0,0
219,steady,0,20000,1204,835168,835168,0,25652,50000,30000,684601,689993,7704007,7634007,456,0.00908618,0,0
220,steady,0,20000,1207,835168,835168,0,25652,50000,30000,686762,689993,7701846,7634007,451,0.00880815,0,0
221,steady,0,20000,1211,835168,835168,0,25652,50000,30000,690871,690871,7697737,7633026,450,0.0084065,0,0
222,steady,0,20000,1208,835168,835168,0,25652,50000,30000,691644,691644,7696964,7631138,450,0.0085522,0,0
223,steady,0,20000,1210,835168,835168,0,25652,50000,30000,693753,693753,7694855,7629262,452,0.00852427,0,0
224,steady,0,20000,1205,835168,835168,0,25652,50000,30000,691876,693753,7696732,7629262,451,0.00876606,0,0
225,steady,0,20000,1204,835168,835168,0,25652,50000,30000,690329,693753,7698279,7629262,447,0.00896525,0,0
226,steady,0,20000,1207,835168,835168,0,25652,50000,30000,692142,693753,7696466,7629262,446,0.0087318,0,0
227,steady,0,20000,1208,835168,835168,0,25652,50000,30000,692039,693753,7696569,7629262,446,0.00874507,0,0
228,steady,0,20000,1210,835168,835168,0,25652,50000,30000,690641,693753,7697967,7629262,442,0.00892508,0,0
229,steady,0,20000,1212,835168,835168,0,25652,50000,30000,691014,693753,7697594,7629262,441,0.00887706,0,0
230,steady,0,20000,1217,835168,835168,0,25652,50000,30000,693299,693753,7695309,7629262,442,0.00858276,0,0
231,steady,0,20000,1214,835168,835168,0,25652,50000,30000,691287,693753,7697321,7629262,441,0.00884191,0,0
232,steady,0,20000,1209,835168,835168,0,25652,50000,30000,688130,693753,7700478,7629262,447,0.00924826,0,0
233,steady,0,20000,1211,835168,835168,0,25652,50000,30000,688702,693753,7699906,7629262,446,0.00917466,0,0
234,steady,0,20000,1210,835168,835168,0,25652,50000,30000,688656,693753,7699952,7629262,449,0.00918058,0,0
235,steady,0,20000,1207,835168,835168,0,25652,50000,30000,685984,693753,7702624,7629262,457,0.00952429,0,0
236,steady,0,20000,1209,835168,835168,0,25652,50000,30000,686962,693753,7701646,7629262,461,0.00939851,0,0
237,steady,0,20000,1218,835168,835168,0,25652,50000,30000,691947,693753,7696661,7629262,459,0.00875691,0,0
238,steady,0,20000,1215,835168,835168,0,25652,50000,30000,690783,693753,7697825,7629262,463,0.0089068,0,0
239,steady,0,20000,1214,835168,835168,0,25652,50000,30000,691729,693753,7696879,7628210,463,0.00892167,0,0
240,steady,0,20000,1212,835168,835168,0,25652,50000,30000,690386,693753,7698222,7628210,465,0.00909457,0,0
241,steady,0,20000,1212,835168,835168,0,25652,50000,30000,690611,693753,7697997,7628210,470,0.0090656,0,0
242,steady,0,20000,1216,835168,835168,0,25652,50000,30000,691956,693753,7696652,7628210,470,0.00889244,0,0
243,steady,0,20000,1217,835168,835168,0,25652,50000,30000,694334,694334,7694274,7627197,472,0.00871778,0,0
244,steady,0,20000,1221,835168,835168,0,25652,50000,30000,694990,694990,7693618,7627197,472,0.00863326,0,0
245,steady,0,20000,1220,835168,835168,0,25652,50000,30000,691729,694990,7696879,7627197,469,0.00905328,0,0
246,steady,0,20000,1214,835168,835168,0,25652,50000,30000,689322,694990,7699286,7627197,472,0.00936308,0,0
247,steady,0,20000,1212,835168,835168,0,25652,50000,30000,690224,694990,7698384,7624178,475,0.00963917,0,0
248,steady,0,20000,1209,835168,835168,0,25652,50000,30000,688798,694990,7699810,7624178,475,0.00982258,0,0
249,steady,0,20000,1208,835168,835168,0,25652,50000,30000,689385,694990,7699223,7624178,478,0.00974709,0,0
250,steady,0,20000,1209,835168,835168,0,25652,50000,30000,690462,694990,7698146,7624178,475,0.00960855,0,0
251,steady,0,20000,1208,835168,835168,0,25652,50000,30000,688397,694990,7700211,7624178,474,0.00987415,0,0
252,steady,0,20000,1210,835168,835168,0,25652,50000,30000,688264,694990,7700344,7624178,472,0.00989125,0,0
253,steady,0,20000,1217,835168,835168,0,25652,50000,30000,693254,694990,7695354,7624178,465,0.00924922,0,0
254,steady,0,20000,1217,835168,835168,0,25652,50000,30000,694703,694990,7693905,7624178,467,0.00906263,0,0
255,steady,0,20000,1218,835168,835168,0,25652,50000,30000,697649,697649,7690959,7623157,466,0.00881581,0,0
256,steady,0,20000,1219,835168,835168,0,25652,50000,30000,701429,701429,7687179,7621250,469,0.00857649,0,0
257,steady,0,20000,1219,835168,835168,0,25652,50000,30000,701818,701818,7686790,7621250,466,0.00852632,0,0
258,steady,0,20000,1210,835168,835168,0,25652,50000,30000,696836,701818,7691772,7621250,474,0.0091685,0,0
259,steady,0,20000,1211,835168,835168,0,25652,50000,30000,694242,701818,7694366,7621250,474,0.00950254,0,0
260,steady,0,20000,1213,835168,835168,0,25652,50000,30000,693115,701818,7695493,7621250,472,0.0096476,0,0
261,steady,0,20000,1212,835168,835168,0,25652,50000,30000,693015,701818,7695593,7621250,475,0.00966046,0,0
262,steady,0,20000,1208,835168,835168,0,25652,50000,30000,691198,701818,7697410,7621250,475,0.00989424,0,0
263,steady,0,20000,1212,835168,835168,0,25652,50000,30000,692367,701818,7696241,7621250,474,0.00974385,0,0
264,steady,0,20000,1208,835168,835168,0,25652,50000,30000,688462,701818,7700146,7621250,470,0.010246,0,0
265,steady,0,20000,1205,835168,835168,0,25652,50000,30000,685611,701818,7702997,7621250,470,0.0106124,0,0
266,steady,0,20000,1198,835168,835168,0,25652,50000,30000,681332,701818,7707276,7621250,470,0.0111617,0,0
267,steady,0,20000,1194,835168,835168,0,25652,50000,30000,678953,701818,7709655,7621250,471,0.0114668,0,0
268,steady,0,20000,1195,835168,835168,0,25652,50000,30000,678473,701818,7710135,7621250,476,0.0115283,0,0
269,steady,0,20000,1190,835168,835168,0,25652,50000,30000,674366,701818,7714242,7621250,480,0.0120546,0,0
270,steady,0,20000,1187,835168,835168,0,25652,50000,30000,672343,701818,7716265,7621250,477,0.0123136,0,0
271,steady,0,20000,1188,835168,835168,0,25652,50000,30000,675936,701818,7712672,7621250,478,0.0118535,0,0
272,steady,0,20000,1190,835168,835168,0,25652,50000,30000,676979,701818,7711629,7621250,479,0.0117198,0,0
273,steady,0,20000,1191,835168,835168,0,25652,50000,30000,679082,701818,7709526,7621250,481,0.0114502,0,0
274,steady,0,20000,1189,835168,835168,0,25652,50000,30000,675685,701818,7712923,7621250,481,0.0118856,0,0
275,steady,0,20000,1183,835168,835168,0,25652,50000,30000,671147,701818,7717461,7621250,482,0.0124667,0,0
276,steady,0,20000,1180,835168,835168,0,25652,50000,30000,669430,701818,7719178,7621250,479,0.0126863,0,0
277,steady,0,20000,1186,835168,835168,0,25652,50000,30000,671290,701818,7717318,7621250,478,0.0124484,0,0
278,steady,0,20000,1183,835168,835168,0,25652,50000,30000,670286,701818,7718322,7621250,477,0.0125768,0,0
279,steady,0,20000,1186,835168,835168,0,25652,50000,30000,673338,701818,7715270,7621250,472,0.0121862,0,0
280,steady,0,20000,1187,835168,835168,0,25652,50000,30000,672924,701818,7715684,7621250,478,0.0122392,0,0
281,steady,0,20000,1191,835168,835168,0,25652,50000,30000,675088,701818,7713520,7621250,475,0.0119621,0,0
282,steady,0,20000,1193,835168,835168,0,25652,50000,30000,675640,701818,7712968,7621250,472,0.0118914,0,0
283,steady,0,20000,1193,835168,835168,0,25652,50000,30000,678205,701818,7710403,7621250,474,0.0115627,0,0
284,steady,0,20000,1197,835168,835168,0,25652,50000,30000,681673,701818,7706935,7621250,474,0.0111179,0,0
285,steady,0,20000,1195,835168,835168,0,25652,50000,30000,680579,701818,7708029,7621250,472,0.0112583,0,0
286,steady,0,20000,1199,835168,835168,0,25652,50000,30000,680468,701818,7708140,7621250,467,0.0112725,0,0
287,steady,0,20000,1199,835168,835168,0,25652,50000,30000,678865,701818,7709743,7621250,467,0.0114781,0,0
288,steady,0,20000,1201,835168,835168,0,25652,50000,30000,676639,701818,7711969,7621250,464,0.0117634,0,0
289,steady,0,20000,1200,835168,835168,0,25652,50000,30000,676367,701818,7712241,7621250,467,0.0117983,0,0
290,steady,0,20000,1208,835168,835168,0,25652,50000,30000,681958,701818,7706650,7621250,465,0.0110813,0,0
291,steady,0,20000,1205,835168,835168,0,25652,50000,30000,676512,701818,7712096,7621250,465,0.0117797,0,0
292,steady,0,20000,1206,835168,835168,0,25652,50000,30000,676474,701818,7712134,7621250,465,0.0117845,0,0
293,steady,0,20000,1209,835168,835168,0,25652,50000,30000,677912,701818,7710696,7621250,465,0.0116002,0,0
294,steady,0,20000,1215,835168,835168,0,25652,50000,30000,683525,701818,7705083,7621250,462,0.0108802,0,0
295,steady,0,20000,1214,835168,835168,0,25652,50000,30000,682232,701818,7706376,7621250,464,0.0110462,0,0
296,steady,0,20000,1208,835168,835168,0,25652,50000,30000,676946,701818,7711662,7621250,466,0.0117241,0,0
297,steady,0,20000,1207,835168,835168,0,25652,50000,30000,675942,701818,7712666,7621250,468,0.0118527,0,0
298,steady,0,20000,1203,835168,835168,0,25652,50000,30000,673961,701818,7714647,7621250,466,0.0121065,0,0
299,steady,0,20000,1203,835168,835168,0,25652,50000,30000,672619,701818,7715989,7621250,468,0.0122783,0,0
300,steady,0,20000,1206,835168,835168,0,25652,50000,30000,673736,701818,7714872,7621250,472,0.0121353,0,0
301,steady,0,20000,1206,835168,835168,0,25652,50000,30000,675971,701818,7712637,7621250,472,0.011849,0,0
302,steady,0,20000,1205,835168,835168,0,25652,50000,30000,674125,701818,7714483,7621250,471,0.0120855,0,0
303,steady,0,20000,1203,835168,835168,0,25652,50000,30000,670907,701818,7717701,7621250,468,0.0124974,0,0
304,steady,0,20000,1202,835168,835168,0,25652,50000,30000,668621,701818,7719987,7621250,473,0.0127898,0,0
305,steady,0,20000,1208,835168,835168,0,25652,50000,30000,673229,701818,7715379,7621250,472,0.0122002,0,0
306,steady,0,20000,1209,835168,835168,0,25652,50000,30000,675790,701818,7712818,7621250,470,0.0118722,0,0
307,steady,0,20000,1207,835168,835168,0,25652,50000,30000,676454,701818,7712154,7621250,467,0.0117871,0,0
308,steady,0,20000,1212,835168,835168,0,25652,50000,30000,677892,701818,7710716,7621250,466,0.0116028,0,0
309,steady,0,20000,1208,835168,835168,0,25652,50000,30000,676883,701818,7711725,7621250,470,0.0117321,0,0
310,steady,0,20000,1211,835168,835168,0,25652,50000,30000,676684,701818,7711924,7621250,464,0.0117576,0,0
311,steady,0,20000,1207,835168,835168,0,25652,50000,30000,675314,701818,7713294,7621250,467,0.0119332,0,0
312,steady,0,20000,1204,835168,835168,0,25652,50000,30000,673951,701818,7714657,7621250,466,0.0121077,0,0
313,steady,0,20000,1207,835168,835168,0,25652,50000,30000,678037,701818,7710571,7621250,462,0.0115842,0,0
314,steady,0,20000,1208,835168,835168,0,25652,50000,30000,679253,701818,7709355,7621250,462,0.0114283,0,0
315,steady,0,20000,1211,835168,835168,0,25652,50000,30000,680452,701818,7708156,7621250,457,0.0112746,0,0
316,steady,0,20000,1211,835168,835168,0,25652,50000,30000,682435,701818,7706173,7621250,462,0.0110201,0,0
317,steady,0,20000,1204,835168,835168,0,25652,50000,30000,680960,701818,7707648,7621250,464,0.0112094,0,0
318,steady,0,20000,1206,835168,835168,0,25652,50000,30000,681845,701818,7706763,7621250,460,0.0110958,0,0
319,steady,0,20000,1198,835168,835168,0,25652,50000,30000,679032,701818,7709576,7621250,467,0.0114567,0,0
320,steady,0,20000,1197,835168,835168,0,25652,50000,30000,677212,701818,7711396,7621250,466,0.01169,0,0
321,steady,0,20000,1189,835168,835168,0,25652,50000,30000,675373,701818,7713235,7621250,468,0.0119256,0,0
322,steady,0,20000,1187,835168,835168,0,25652,50000,30000,678707,701818,7709901,7621250,471,0.0114983,0,0
323,steady,0,20000,1194,835168,835168,0,25652,50000,30000,682576,701818,7706032,7621250,469,0.011002,0,0
324,steady,0,20000,1196,835168,835168,0,25652,50000,30000,683237,701818,7705371,7621250,464,0.0109172,0,0
325,steady,0,20000,1195,835168,835168,0,25652,50000,30000,683056,701818,7705552,7621250,467,0.0109404,0,0
326,steady,0,20000,1191,835168,835168,0,25652,50000,30000,679644,701818,7708964,7621250,464,0.0113782,0,0
327,steady,0,20000,1194,835168,835168,0,25652,50000,30000,680884,701818,7707724,7621250,463,0.0112191,0,0
328,steady,0,20000,1199,835168,835168,0,25652,50000,30000,683975,701818,7704633,7621250,461,0.0108224,0,0
329,steady,0,20000,1195,835168,835168,0,25652,50000,30000,681614,701818,7706994,7621250,460,0.0111255,0,0
330,steady,0,20000,1193,835168,835168,0,25652,50000,30000,681132,701818,7707476,7621250,461,0.0111873,0,0
331,steady,0,20000,1190,835168,835168,0,25652,50000,30000,680441,701818,7708167,7621250,460,0.011276,0,0
332,steady,0,20000,1192,835168,835168,0,25652,50000,30000,678476,701818,7710132,7621250,456,0.0115279,0,0
333,steady,0,20000,1187,835168,835168,0,25652,50000,30000,676223,701818,7712385,7621250,458,0.0118167,0,0
334,steady,0,20000,1185,835168,835168,0,25652,50000,30000,676211,701818,7712397,7621250,461,0.0118182,0,0
335,steady,0,20000,1184,835168,835168,0,25652,50000,30000,675953,701818,7712655,7621250,460,0.0118513,0,0
336,steady,0,20000,1183,835168,835168,0,25652,50000,30000,672705,701818,7715903,7621250,465,0.0122673,0,0
337,steady,0,20000,1178,835168,835168,0,25652,50000,30000,670321,701818,7718287,7621250,469,0.0125723,0,0
338,steady,0,20000,1172,835168,835168,0,25652,50000,30000,669273,701818,7719335,7621250,471,0.0127064,0,0
339,steady,0,20000,1173,835168,835168,0,25652,50000,30000,670528,701818,7718080,7621250,472,0.0125459,0,0
340,steady,0,20000,1177,835168,835168,0,25652,50000,30000,672747,701818,7715861,7621250,467,0.0122619,0,0
341,steady,0,20000,1173,835168,835168,0,25652,50000,30000,671218,701818,7717390,7621250,462,0.0124576,0,0
342,steady,0,20000,1172,835168,835168,0,25652,50000,30000,669090,701818,7719518,7621250,458,0.0127298,0,0
343,steady,0,20000,1169,835168,835168,0,25652,50000,30000,664102,701818,7724506,7621250,455,0.0133673,0,0
344,steady,0,20000,1172,835168,835168,0,25652,50000,30000,665850,701818,7722758,7621250,451,0.013144,0,0
345,steady,0,20000,1170,835168,835168,0,25652,50000,30000,665122,701818,7723486,7621250,450,0.013237,0,0
346,steady,0,20000,1170,835168,835168,0,25652,50000,30000,666599,701818,7722009,7621250,450,0.0130483,0,0
347,steady,0,20000,1167,835168,835168,0,25652,50000,30000,664128,701818,7724480,7621250,448,0.013364,0,0
348,steady,0,20000,1168,835168,835168,0,25652,50000,30000,666010,701818,7722598,7621250,451,0.0131236,0,0
349,steady,0,20000,1169,835168,835168,0,25652,50000,30000,666990,701818,7721618,7621250,456,0.0129983,0,0
350,steady,0,20000,1173,835168,835168,0,25652,50000,30000,670021,701818,7718587,7621250,458,0.0126107,0,0
351,steady,0,20000,1169,835168,835168,0,25652,50000,30000,668701,701818,7719907,7621250,457,0.0127796,0,0
352,steady,0,20000,1170,835168,835168,0,25652,50000,30000,670031,701818,7718577,7621250,457,0.0126094,0,0
353,steady,0,20000,1171,835168,835168,0,25652,50000,30000,666394,701818,7722214,7621250,457,0.0130745,0,0
354,steady,0,20000,1174,835168,835168,0,25652,50000,30000,670402,701818,7718206,7621250,458,0.012562,0,0
355,steady,0,20000,1169,835168,835168,0,25652,50000,30000,667327,701818,7721281,7626150,463,0.0123206,0,0
356,steady,0,20000,1168,835168,835168,0,25652,50000,30000,667631,701818,7720977,7626150,466,0.0122817,0,0
357,steady,0,20000,1169,835168,835168,0,25652,50000,30000,667687,701818,7720921,7626150,462,0.0122746,0,0
358,steady,0,20000,1170,835168,835168,0,25652,50000,30000,668519,701818,7720089,7626150,462,0.0121681,0,0
359,steady,0,20000,1176,835168,835168,0,25652,50000,30000,668717,701818,7719891,7626150,455,0.0121428,0,0
360,steady,0,20000,1183,835168,835168,0,25652,50000,30000,673147,701818,7715461,7626150,455,0.0115756,0,0
361,steady,0,20000,1183,835168,835168,0,25652,50000,30000,671402,701818,7717206,7626150,457,0.0117991,0,0
362,steady,0,20000,1184,835168,835168,0,25652,50000,30000,672489,701818,7716119,7626150,457,0.0116599,0,0
363,steady,0,20000,1190,835168,835168,0,25652,50000,30000,679612,701818,7708996,7626150,459,0.0107467,0,0
364,steady,0,20000,1195,835168,835168,0,25652,50000,30000,682573,701818,7706035,7626150,456,0.0103666,0,0
365,steady,0,20000,1190,835168,835168,0,25652,50000,30000,679286,701818,7709322,7626150,455,0.0107885,0,0
366,steady,0,20000,1188,835168,835168,0,25652,50000,30000,676955,701818,7711653,7626150,457,0.0110875,0,0
367,steady,0,20000,1185,835168,835168,0,25652,50000,30000,675813,701818,7712795,7645062,454,0.0087819,0,0
368,steady,0,20000,1183,835168,835168,0,25652,50000,30000,670721,701818,7717887,7645062,453,0.00943587,0,0
369,steady,0,20000,1179,835168,835168,0,25652,50000,30000,665955,701818,7722653,7645062,457,0.0100472,0,0
370,steady,0,20000,1176,835168,835168,0,25652,50000,30000,668228,701818,7720380,7645062,455,0.00975574,0,0
371,steady,0,20000,1174,835168,835168,0,25652,50000,30000,667535,701818,7721073,7645062,457,0.00984462,0,0
372,steady,0,20000,1175,835168,835168,0,25652,50000,30000,668350,701818,7720258,7645062,458,0.00974009,0,0
373,steady,0,20000,1176,835168,835168,0,25652,50000,30000,667157,701818,7721451,7645062,461,0.00989309,0,0
374,steady,0,20000,1175,835168,835168,0,25652,50000,30000,665524,701818,7723084,7645062,461,0.0101024,0,0
375,steady,0,20000,1171,835168,835168,0,25652,50000,30000,661651,701818,7726957,7645062,459,0.0105986,0,0
376,steady,0,20000,1174,835168,835168,0,25652,50000,30000,663635,701818,7724973,7645062,454,0.0103445,0,0
377,steady,0,20000,1177,835168,835168,0,25652,50000,30000,661098,701818,7727510,7645062,454,0.0106694,0,0
378,steady,0,20000,1179,835168,835168,0,25652,50000,30000,663980,701818,7724628,7645062,461,0.0103003,0,0
379,steady,0,20000,1178,835168,835168,0,25652,50000,30000,661471,701818,7727137,7645062,459,0.0106217,0,0
380,steady,0,20000,1177,835168,835168,0,25652,50000,30000,660678,701818,7727930,7645062,462,0.0107232,0,0
381,steady,0,20000,1175,835168,835168,0,25652,50000,30000,660503,701818,7728105,7645062,466,0.0107456,0,0
382,steady,0,20000,1176,835168,835168,0,25652,50000,30000,662581,701818,7726027,7645062,467,0.0104795,0,0
383,steady,0,20000,1182,835168,835168,0,25652,50000,30000,666168,701818,7722440,7645062,463,0.0100199,0,0
384,steady,0,20000,1180,835168,835168,0,25652,50000,30000,664741,701818,7723867,7645062,461,0.0102028,0,0
385,steady,0,20000,1174,835168,835168,0,25652,50000,30000,664999,701818,7723609,7645062,459,0.0101697,0,0
386,steady,0,20000,1173,835168,835168,0,25652,50000,30000,664803,701818,7723805,7645062,458,0.0101948,0,0
387,steady,0,20000,1179,835168,835168,0,25652,50000,30000,668505,701818,7720103,7645062,461,0.00972021,0,0
388,steady,0,20000,1178,835168,835168,0,25652,50000,30000,669754,701818,7718854,7645062,466,0.00955997,0,0
389,steady,0,20000,1182,835168,835168,0,25652,50000,30000,673482,701818,7715126,7645062,467,0.00908138,0,0
390,steady,0,20000,1184,835168,835168,0,25652,50000,30000,675944,701818,7712664,7645062,467,0.00876506,0,0
391,steady,0,20000,1183,835168,835168,0,25652,50000,30000,676001,701818,7712607,7645062,467,0.00875774,0,0
392,steady,0,20000,1183,835168,835168,0,25652,50000,30000,677701,701818,7710907,7645062,468,0.0085392,0,0
393,steady,0,20000,1183,835168,835168,0,25652,50000,30000,679284,701818,7709324,7645062,468,0.00833562,0,0
394,steady,0,20000,1185,835168,835168,0,25652,50000,30000,680364,701818,7708244,7645062,469,0.00819668,0,0
395,steady,0,20000,1183,835168,835168,0,25652,50000,30000,681750,701818,7706858,7645062,468,0.00801831,0,0
396,steady,0,20000,1184,835168,835168,0,25652,50000,30000,680860,701818,7707748,7645062,467,0.00813286,0,0
397,steady,0,20000,1189,835168,835168,0,25652,50000,30000,681723,701818,7706885,7645062,466,0.00802179,0,0
398,steady,0,20000,1186,835168,835168,0,25652,50000,30000,680086,701818,7708522,7645062,464,0.00823245,0,0
399,steady,0,20000,1184,835168,835168,0,25652,50000,30000,678138,701818,7710470,7645062,463,0.00848301,0,0
400,steady,0,20000,1182,835168,835168,0,25652,50000,30000,675835,701818,7712773,7645062,462,0.00877907,0,0
401,steady,0,20000,1179,835168,835168,0,25652,50000,30000,674238,701818,7714370,7645062,463,0.00898427,0,0
402,steady,0,20000,1181,835168,835168,0,25652,50000,30000,674120,701818,7714488,7645062,463,0.00899943,0,0
403,steady,0,20000,1183,835168,835168,0,25652,50000,30000,673486,701818,7715122,7645062,461,0.00908087,0,0
404,steady,0,20000,1190,835168,835168,0,25652,50000,30000,678131,701818,7710477,7645062,460,0.00848391,0,0
405,steady,0,20000,1198,835168,835168,0,25652,50000,30000,683947,701818,7704661,7645062,456,0.00773545,0,0
406,steady,0,20000,1191,835168,835168,0,25652,50000,30000,682976,701818,7705632,7644032,457,0.00799415,0,0
407,steady,0,20000,1187,835168,835168,0,25652,50000,30000,681376,701818,7707232,7644032,460,0.00820009,0,0
408,steady,0,20000,1180,835168,835168,0,25652,50000,30000,680324,701818,7708284,7644032,463,0.00833545,0,0
409,steady,0,20000,1184,835168,835168,0,25652,50000,30000,681158,701818,7707450,7644032,460,0.00822814,0,0
410,steady,0,20000,1190,835168,835168,0,25652,50000,30000,684947,701818,7703661,7644032,454,0.00774035,0,0
411,steady,0,20000,1193,835168,835168,0,25652,50000,30000,688833,701818,7699775,7644032,456,0.00723956,0,0
412,steady,0,20000,1200,835168,835168,0,25652,50000,30000,695189,701818,7693419,7638289,456,0.00716586,0,0
413,steady,0,20000,1204,835168,835168,0,25652,50000,30000,696890,701818,7691718,7636529,452,0.00717512,0,0
414,steady,0,20000,1206,835168,835168,0,25652,50000,30000,696739,701818,7691869,7636529,452,0.00719461,0,0
415,steady,0,20000,1202,835168,835168,0,25652,50000,30000,695317,701818,7693291,7636529,452,0.00737812,0,0
416,steady,0,20000,1198,835168,835168,0,25652,50000,30000,691449,701818,7697159,7636529,457,0.00787693,0,0
417,steady,0,20000,1200,835168,835168,0,25652,50000,30000,690867,701818,7697741,7636529,459,0.00795194,0,0
418,steady,0,20000,1197,835168,835168,0,25652,50000,30000,688919,701818,7699689,7636529,460,0.00820293,0,0
419,steady,0,20000,1200,835168,835168,0,25652,50000,30000,689138,701818,7699470,7636529,459,0.00817472,0,0
420,steady,0,20000,1198,835168,835168,0,25652,50000,30000,687973,701818,7700635,7636529,462,0.00832477,0,0
421,steady,0,20000,1192,835168,835168,0,25652,50000,30000,682723,701818,7705885,7636529,460,0.00900039,0,0
422,steady,0,20000,1196,835168,835168,0,25652,50000,30000,685178,701818,7703430,7636529,460,0.00868457,0,0
423,steady,0,20000,1201,835168,835168,0,25652,50000,30000,686699,701818,7701909,7636529,459,0.0084888,0,0
424,steady,0,20000,1199,835168,835168,0,25652,50000,30000,683205,701818,7705403,7636529,457,0.0089384,0,0
425,steady,0,20000,1200,835168,835168,0,25652,50000,30000,686384,701818,7702224,7636529,459,0.00852935,0,0
426,steady,0,20000,1205,835168,835168,0,25652,50000,30000,687461,701818,7701147,7636529,459,0.0083907,0,0
427,steady,0,20000,1206,835168,835168,0,25652,50000,30000,687643,701818,7700965,7636529,454,0.00836726,0,0
428,steady,0,20000,1202,835168,835168,0,25652,50000,30000,686658,701818,7701950,7636529,459,0.00849408,0,0
429,steady,0,20000,1204,835168,835168,0,25652,50000,30000,689431,701818,7699177,7636529,455,0.00813697,0,0
430,steady,0,20000,1203,835168,835168,0,25652,50000,30000,685048,701818,7703560,7636529,453,0.0087013,0,0
431,steady,0,20000,1199,835168,835168,0,25652,50000,30000,681438,701818,7707170,7636529,456,0.00916562,0,0
432,steady,0,20000,1193,835168,835168,0,25652,50000,30000,679569,701818,7709039,7636529,460,0.00940584,0,0
433,steady,0,20000,1193,835168,835168,0,25652,50000,30000,679020,701818,7709588,7636529,462,0.00947638,0,0
434,steady,0,20000,1192,835168,835168,0,25652,50000,30000,680392,701818,7708216,7636529,466,0.00930008,0,0
435,steady,0,20000,1195,835168,835168,0,25652,50000,30000,680746,701818,7707862,7636529,459,0.00925458,0,0
436,steady,0,20000,1196,835168,835168,0,25652,50000,30000,682986,701818,7705622,7636529,462,0.00896657,0,0
437,steady,0,20000,1189,835168,835168,0,25652,50000,30000,677822,701818,7710786,7636529,464,0.00963028,0,0
438,steady,0,20000,1182,835168,835168,0,25652,50000,30000,672469,701818,7716139,7636529,466,0.0103173,0,0
439,steady,0,20000,1180,835168,835168,0,25652,50000,30000,673418,701818,7715190,7636529,467,0.0101956,0,0
440,steady,0,20000,1178,835168,835168,0,25652,50000,30000,671302,701818,7717306,7636529,463,0.010467,0,0
441,steady,0,20000,1178,835168,835168,0,25652,50000,30000,672800,701818,7715808,7636529,463,0.0102749,0,0
442,steady,0,20000,1181,835168,835168,0,25652,50000,30000,674284,701818,7714324,7636529,465,0.0100845,0,0
443,steady,0,20000,1182,835168,835168,0,25652,50000,30000,676396,701818,7712212,7636529,467,0.0098134,0,0
444,steady,0,20000,1190,835168,835168,0,25652,50000,30000,680720,701818,7707888,7636529,465,0.00925792,0,0
445,steady,0,20000,1185,835168,835168,0,25652,50000,30000,677975,701818,7710633,7636529,464,0.00961062,0,0
446,steady,0,20000,1184,835168,835168,0,25652,50000,30000,678409,701818,7710199,7636529,462,0.00955488,0,0
447,steady,0,20000,1190,835168,835168,0,25652,50000,30000,680932,701818,7707676,7636529,465,0.00923067,0,0
448,steady,0,20000,1193,835168,835168,0,25652,50000,30000,683550,701818,7705058,7636529,464,0.00889403,0,0
449,steady,0,20000,1195,835168,835168,0,25652,50000,30000,683310,701818,7705298,7636529,464,0.0089249,0,0
450,steady,0,20000,1192,835168,835168,0,25652,50000,30000,681458,701818,7707150,7636529,469,0.00916305,0,0
451,steady,0,20000,1189,835168,835168,0,25652,50000,30000,678576,701818,7710032,7636529,467,0.00953342,0,0
452,steady,0,20000,1186,835168,835168,0,25652,50000,30000,674232,701818,7714376,7636529,467,0.0100912,0,0
453,steady,0,20000,1184,835168,835168,0,25652,50000,30000,673078,701818,7715530,7636529,468,0.0102392,0,0
454,steady,0,20000,1180,835168,835168,0,25652,50000,30000,670334,701818,7718274,7636529,467,0.0105911,0,0
455,steady,0,20000,1189,835168,835168,0,25652,50000,30000,673920,701818,7714688,7636529,462,0.0101312,0,0
456,steady,0,20000,1194,835168,835168,0,25652,50000,30000,677632,701818,7710976,7636529,460,0.00965468,0,0
457,steady,0,20000,1196,835168,835168,0,25652,50000,30000,679611,701818,7708997,7636529,460,0.00940044,0,0
458,steady,0,20000,1196,835168,835168,0,25652,50000,30000,679078,701818,7709530,7636529,459,0.00946893,0,0
459,steady,0,20000,1199,835168,835168,0,25652,50000,30000,680387,701818,7708221,7637518,462,0.00917241,0,0
460,steady,0,20000,1201,835168,835168,0,25652,50000,30000,681104,701818,7707504,7637518,466,0.00908024,0,0
461,steady,0,20000,1195,835168,835168,0,25652,50000,30000,677226,701818,7711382,7637518,472,0.00957857,0,0
462,steady,0,20000,1198,835168,835168,0,25652,50000,30000,681035,701818,7707573,7637518,476,0.00908911,0,0
463,steady,0,20000,1206,835168,835168,0,25652,50000,30000,686709,701818,7701899,7637518,477,0.00835911,0,0
464,steady,0,20000,1210,835168,835168,0,25652,50000,30000,687621,701818,7700987,7637518,477,0.00824167,0,0
465,steady,0,20000,1211,835168,835168,0,25652,50000,30000,684347,701818,7704261,7637518,481,0.00866313,0,0
466,steady,0,20000,1209,835168,835168,0,25652,50000,30000,681300,701818,7707308,7637518,485,0.00905504,0,0
467,steady,0,20000,1209,835168,835168,0,25652,50000,30000,681225,701818,7707383,7637518,482,0.00906469,0,0
468,steady,0,20000,1211,835168,835168,0,25652,50000,30000,681076,701818,7707532,7637518,487,0.00908384,0,0
469,steady,0,20000,1211,835168,835168,0,25652,50000,30000,680224,701818,7708384,7637518,487,0.00919337,0,0
470,steady,0,20000,1211,835168,835168,0,25652,50000,30000,678333,701818,7710275,7637518,486,0.00943637,0,0
471,steady,0,20000,1206,835168,835168,0,25652,50000,30000,674551,701818,7714057,7637518,485,0.00992202,0,0
472,steady,0,20000,1209,835168,835168,0,25652,50000,30000,675044,701818,7713564,7637518,489,0.00985874,0,0
473,steady,0,20000,1201,835168,835168,0,25652,50000,30000,671242,701818,7717366,7637518,487,0.0103465,0,0
474,steady,0,20000,1200,835168,835168,0,25652,50000,30000,670557,701818,7718051,7637518,484,0.0104344,0,0
475,steady,0,20000,1194,835168,835168,0,25652,50000,30000,667959,701818,7720649,7637518,486,0.0107674,0,0
476,steady,0,20000,1193,835168,835168,0,25652,50000,30000,668049,701818,7720559,7637518,486,0.0107558,0,0
477,steady,0,20000,1189,835168,835168,0,25652,50000,30000,663366,701818,7725242,7637518,484,0.0113555,0,0
478,steady,0,20000,1189,835168,835168,0,25652,50000,30000,665140,701818,7723468,7637518,489,0.0111284,0,0
479,steady,0,20000,1193,835168,835168,0,25652,50000,30000,663537,701818,7725071,7637518,486,0.0113336,0,0
480,steady,0,20000,1198,835168,835168,0,25652,50000,30000,667295,701818,7721313,7637518,485,0.0108524,0,0
481,steady,0,20000,1194,835168,835168,0,25652,50000,30000,662194,701818,7726414,7637518,483,0.0115055,0,0
482,steady,0,20000,1190,835168,835168,0,25652,50000,30000,660710,701818,7727898,7637518,485,0.0116953,0,0
483,steady,0,20000,1190,835168,835168,0,25652,50000,30000,659967,701818,7728641,7637518,482,0.0117903,0,0
484,steady,0,20000,1192,835168,835168,0,25652,50000,30000,661546,701818,7727062,7637518,480,0.0115884,0,0
485,steady,0,20000,1188,835168,835168,0,25652,50000,30000,653446,701818,7735162,7637518,483,0.0126234,0,0
486,steady,0,20000,1193,835168,835168,0,25652,50000,30000,655848,701818,7732760,7637518,479,0.0123167,0,0
487,steady,0,20000,1198,835168,835168,0,25652,50000,30000,657903,701818,7730705,7637518,479,0.0120541,0,0
488,steady,0,20000,1200,835168,835168,0,25652,50000,30000,658458,701818,7730150,7637518,482,0.0119832,0,0
489,steady,0,20000,1196,835168,835168,0,25652,50000,30000,657664,701818,7730944,7637518,482,0.0120847,0,0
490,steady,0,20000,1203,835168,835168,0,25652,50000,30000,664103,701818,7724505,7637518,481,0.0112612,0,0
491,steady,0,20000,1207,835168,835168,0,25652,50000,30000,667786,701818,7720822,7637518,482,0.0107895,0,0
492,steady,0,20000,1196,835168,835168,0,25652,50000,30000,662155,701818,7726453,7637518,480,0.0115105,0,0
493,steady,0,20000,1192,835168,835168,0,25652,50000,30000,657739,701818,7730869,7637518,482,0.0120751,0,0
494,steady,0,20000,1192,835168,835168,0,25652,50000,30000,656554,701818,7732054,7637518,483,0.0122265,0,0
495,steady,0,20000,1194,835168,835168,0,25652,50000,30000,658540,701818,7730068,7637518,485,0.0119727,0,0
496,steady,0,20000,1196,835168,835168,0,25652,50000,30000,659137,701818,7729471,7637518,487,0.0118964,0,0
497,steady,0,20000,1198,835168,835168,0,25652,50000,30000,659448,701818,7729160,7637518,483,0.0118567,0,0
498,steady,0,20000,1201,835168,835168,0,25652,50000,30000,658922,701818,7729686,7637518,484,0.0119239,0,0
499,steady,0,20000,1195,835168,835168,0,25652,50000,30000,660127,701818,7728481,7637518,484,0.0117698,0,0
500,steady,0,20000,1191,835168,835168,0,25652,50000,30000,657331,701818,7731277,7637518,488,0.0121272,0,0
501,steady,0,20000,1196,835168,835168,0,25652,50000,30000,661841,701818,7726767,7637518,489,0.0115506,0,0
502,steady,0,20000,1199,835168,835168,0,25652,50000,30000,664820,701818,7723788,7637518,493,0.0111694,0,0
503,steady,0,20000,1202,835168,835168,0,25652,50000,30000,665717,701818,7722891,7637518,492,0.0110545,0,0
504,steady,0,20000,1196,835168,835168,0,25652,50000,30000,660216,701818,7728392,7637518,491,0.0117585,0,0
505,steady,0,20000,1202,835168,835168,0,25652,50000,30000,663096,701818,7725512,7637518,483,0.0113901,0,0
506,steady,0,20000,1206,835168,835168,0,25652,50000,30000,665672,701818,7722936,7637518,483,0.0110603,0,0
507,steady,0,20000,1209,835168,835168,0,25652,50000,30000,665255,701818,7723353,7637518,483,0.0111137,0,0
508,steady,0,20000,1205,835168,835168,0,25652,50000,30000,663465,701818,7725143,7637518,484,0.0113428,0,0
509,steady,0,20000,1208,835168,835168,0,25652,50000,30000,664827,701818,7723781,7637518,487,0.0111685,0,0
510,steady,0,20000,1210,835168,835168,0,25652,50000,30000,665065,701818,7723543,7637518,493,0.011138,0,0
511,steady,0,20000,1209,835168,835168,0,25652,50000,30000,664888,701818,7723720,7637518,493,0.0111607,0,0
512,steady,0,20000,1211,835168,835168,0,25652,50000,30000,667434,701818,7721174,7637518,493,0.0108346,0,0
513,steady,0,20000,1208,835168,835168,0,25652,50000,30000,665476,701818,7723132,7637518,491,0.0110854,0,0
514,steady,0,20000,1219,835168,835168,0,25652,50000,30000,670775,701818,7717833,7637518,487,0.0104064,0,0
515,steady,0,20000,1221,835168,835168,0,25652,50000,30000,671839,701818,7716769,7637518,488,0.01027,0,0
516,steady,0,20000,1223,835168,835168,0,25652,50000,30000,675540,701818,7713068,7637518,482,0.00979506,0,0
517,steady,0,20000,1216,835168,835168,0,25652,50000,30000,672128,701818,7716480,7638289,486,0.010133,0,0
518,steady,0,20000,1211,835168,835168,0,25652,50000,30000,670407,701818,7718201,7651141,482,0.00868855,0,0
519,steady,0,20000,1214,835168,835168,0,25652,50000,30000,672257,701818,7716351,7650160,481,0.00857802,0,0
520,steady,0,20000,1224,835168,835168,0,25652,50000,30000,678909,701818,7709699,7646537,478,0.00819254,0,0
521,steady,0,20000,1224,835168,835168,0,25652,50000,30000,677937,701818,7710671,7646537,480,0.00831756,0,0
522,steady,0,20000,1228,835168,835168,0,25652,50000,30000,678207,701818,7710401,7646537,477,0.00828284,0,0
523,steady,0,20000,1229,835168,835168,0,25652,50000,30000,677958,701818,7710650,7644553,475,0.00857217,0,0
524,steady,0,20000,1220,835168,835168,0,25652,50000,30000,671562,701818,7717046,7644553,476,0.00939388,0,0
525,steady,0,20000,1220,835168,835168,0,25652,50000,30000,669227,701818,7719381,7644553,471,0.00969352,0,0
526,steady,0,20000,1218,835168,835168,0,25652,50000,30000,668365,701818,7720243,7644553,472,0.0098041,0,0
527,steady,0,20000,1223,835168,835168,0,25652,50000,30000,673061,701818,7715547,7644553,472,0.00920142,0,0
528,steady,0,20000,1218,835168,835168,0,25652,50000,30000,672512,701818,7716096,7644553,472,0.00927192,0,0
529,steady,0,20000,1216,835168,835168,0,25652,50000,30000,673025,701818,7715583,7644553,471,0.00920604,0,0
530,steady,0,20000,1215,835168,835168,0,25652,50000,30000,673418,701818,7715190,7644553,472,0.00915557,0,0
531,steady,0,20000,1211,835168,835168,0,25652,50000,30000,671514,701818,7717094,7644553,474,0.00940004,0,0
532,steady,0,20000,1210,835168,835168,0,25652,50000,30000,672805,701818,7715803,7644553,473,0.00923429,0,0
533,steady,0,20000,1211,835168,835168,0,25652,50000,30000,672479,701818,7716129,7644553,473,0.00927615,0,0
534,steady,0,20000,1210,835168,835168,0,25652,50000,30000,672631,701818,7715977,7644553,474,0.00925664,0,0
535,steady,0,20000,1209,835168,835168,0,25652,50000,30000,669278,701818,7719330,7644553,471,0.00968698,0,0
536,steady,0,20000,1206,835168,835168,0,25652,50000,30000,668296,701818,7720312,7644553,470,0.00981295,0,0
537,steady,0,20000,1208,835168,835168,0,25652,50000,30000,667177,701818,7721431,7644553,465,0.00995644,0,0
538,steady,0,20000,1205,835168,835168,0,25652,50000,30000,669325,701818,7719283,7644553,461,0.00968095,0,0
539,steady,0,20000,1205,835168,835168,0,25652,50000,30000,669334,701818,7719274,7644553,464,0.0096798,0,0
540,steady,0,20000,1203,835168,835168,0,25652,50000,30000,667391,701818,7721217,7644553,465,0.009929,0,0
541,steady,0,20000,1202,835168,835168,0,25652,50000,30000,665694,701818,7722914,7644553,464,0.0101466,0,0
542,steady,0,20000,1199,835168,835168,0,25652,50000,30000,664450,701818,7724158,7644553,464,0.010306,0,0
543,steady,0,20000,1197,835168,835168,0,25652,50000,30000,665222,701818,7723386,7644553,462,0.0102071,0,0
544,steady,0,20000,1196,835168,835168,0,25652,50000,30000,665904,701818,7722704,7644553,462,0.0101196,0,0
545,steady,0,20000,1195,835168,835168,0,25652,50000,30000,667793,701818,7720815,7644553,461,0.00987745,0,0
546,steady,0,20000,1195,835168,835168,0,25652,50000,30000,668691,701818,7719917,7644553,466,0.00976228,0,0
547,steady,0,20000,1194,835168,835168,0,25652,50000,30000,667824,701818,7720784,7644553,468,0.00987348,0,0
548,steady,0,20000,1193,835168,835168,0,25652,50000,30000,666481,701818,7722127,7644553,471,0.0100457,0,0
549,steady,0,20000,1195,835168,835168,0,25652,50000,30000,666655,701818,7721953,7644553,469,0.0100234,0,0
550,steady,0,20000,1195,835168,835168,0,25652,50000,30000,665620,701818,7722988,7644553,466,0.010156,0,0
551,steady,0,20000,1197,835168,835168,0,25652,50000,30000,665077,701818,7723531,7644553,464,0.0102256,0,0
552,steady,0,20000,1200,835168,835168,0,25652,50000,30000,666033,701818,7722575,7644553,459,0.0101031,0,0
553,steady,0,20000,1199,835168,835168,0,25652,50000,30000,668076,701818,7720532,7644553,463,0.00984116,0,0
554,steady,0,20000,1202,835168,835168,0,25652,50000,30000,670054,701818,7718554,7644553,465,0.00958742,0,0
555,steady,0,20000,1208,835168,835168,0,25652,50000,30000,675263,701818,7713345,7644553,462,0.00891857,0,0
556,steady,0,20000,1202,835168,835168,0,25652,50000,30000,672610,701818,7715998,7644553,463,0.00925933,0,0
557,steady,0,20000,1206,835168,835168,0,25652,50000,30000,673341,701818,7715267,7645579,462,0.00903248,0,0
558,steady,0,20000,1208,835168,835168,0,25652,50000,30000,678011,701818,7710597,7645579,459,0.00843229,0,0
559,steady,0,20000,1209,835168,835168,0,25652,50000,30000,680097,701818,7708511,7645579,457,0.00816396,0,0
560,steady,0,20000,1213,835168,835168,0,25652,50000,30000,681818,701818,7706790,7645579,456,0.00794248,0,0
561,steady,0,20000,1210,835168,835168,0,25652,50000,30000,681890,701818,7706718,7645579,453,0.00793321,0,0
562,steady,0,20000,1210,835168,835168,0,25652,50000,30000,681509,701818,7707099,7645579,452,0.00798225,0,0
563,steady,0,20000,1210,835168,835168,0,25652,50000,30000,682343,701818,7706265,7645579,452,0.00787489,0,0
564,steady,0,20000,1209,835168,835168,0,25652,50000,30000,681617,701818,7706991,7645579,447,0.00796835,0,0
565,steady,0,20000,1212,835168,835168,0,25652,50000,30000,684221,701818,7704387,7642984,450,0.00796987,0,0
566,steady,0,20000,1208,835168,835168,0,25652,50000,30000,679870,701818,7708738,7642984,452,0.0085298,0,0
567,steady,0,20000,1214,835168,835168,0,25652,50000,30000,682616,701818,7705992,7642984,453,0.00817649,0,0
568,steady,0,20000,1218,835168,835168,0,25652,50000,30000,684034,701818,7704574,7642984,449,0.00799395,0,0
569,steady,0,20000,1220,835168,835168,0,25652,50000,30000,685390,701818,7703218,7641970,453,0.00795096,0,0
570,steady,0,20000,1220,835168,835168,0,25652,50000,30000,687302,701818,7701306,7640097,452,0.00794787,0,0
571,steady,0,20000,1217,835168,835168,0,25652,50000,30000,683697,701818,7704911,7640097,460,0.00841204,0,0
572,steady,0,20000,1217,835168,835168,0,25652,50000,30000,683008,701818,7705600,7640097,463,0.0085007,0,0
573,steady,0,20000,1218,835168,835168,0,25652,50000,30000,682644,701818,7705964,7640097,462,0.00854754,0,0
574,steady,0,20000,1216,835168,835168,0,25652,50000,30000,681997,701818,7706611,7640097,460,0.00863077,0,0
575,steady,0,20000,1209,835168,835168,0,25652,50000,30000,678171,701818,7710437,7640097,464,0.0091227,0,0
576,steady,0,20000,1211,835168,835168,0,25652,50000,30000,679714,701818,7708894,7640097,470,0.00892437,0,0
577,steady,0,20000,1212,835168,835168,0,25652,50000,30000,680512,701818,7708096,7640097,469,0.00882176,0,0
578,steady,0,20000,1214,835168,835168,0,25652,50000,30000,685177,701818,7703431,7637323,472,0.00858163,0,0
579,steady,0,20000,1217,835168,835168,0,25652,50000,30000,688844,701818,7699764,7633493,474,0.00860689,0,0
580,steady,0,20000,1215,835168,835168,0,25652,50000,30000,684418,701818,7704190,7633493,472,0.00917644,0,0
581,steady,0,20000,1213,835168,835168,0,25652,50000,30000,683377,701818,7705231,7633493,474,0.0093103,0,0
582,steady,0,20000,1215,835168,835168,0,25652,50000,30000,685374,701818,7703234,7633493,475,0.00905347,0,0
583,steady,0,20000,1208,835168,835168,0,25652,50000,30000,683018,701818,7705590,7633493,475,0.00935645,0,0
584,steady,0,20000,1210,835168,835168,0,25652,50000,30000,688151,701818,7700457,7632448,477,0.00883181,0,0
585,steady,0,20000,1216,835168,835168,0,25652,50000,30000,690904,701818,7697704,7631471,470,0.00860425,0,0
586,steady,0,20000,1212,835168,835168,0,25652,50000,30000,690242,701818,7698366,7631471,471,0.00868951,0,0
587,steady,0,20000,1218,835168,835168,0,25652,50000,30000,693350,701818,7695258,7630504,470,0.00841479,0,0
588,steady,0,20000,1218,835168,835168,0,25652,50000,30000,691783,701818,7696825,7630504,473,0.00861667,0,0
589,steady,0,20000,1212,835168,835168,0,25652,50000,30000,687494,701818,7701114,7630504,476,0.0091688,0,0
590,steady,0,20000,1210,835168,835168,0,25652,50000,30000,684385,701818,7704223,7630504,476,0.00956865,0,0
591,steady,0,20000,1215,835168,835168,0,25652,50000,30000,685567,701818,7703041,7630504,476,0.00941667,0,0
592,steady,0,20000,1218,835168,835168,0,25652,50000,30000,684309,701818,7704299,7630504,476,0.00957842,0,0
593,steady,0,20000,1209,835168,835168,0,25652,50000,30000,678953,701818,7709655,7630504,479,0.0102665,0,0
594,steady,0,20000,1207,835168,835168,0,25652,50000,30000,678577,701818,7710031,7630504,479,0.0103147,0,0
595,steady,0,20000,1208,835168,835168,0,25652,50000,30000,678635,701818,7709973,7630504,480,0.0103073,0,0
596,steady,0,20000,1209,835168,835168,0,25652,50000,30000,675205,701818,7713403,7630504,475,0.0107474,0,0
597,steady,0,20000,1202,835168,835168,0,25652,50000,30000,672084,701818,7716524,7630504,477,0.0111475,0,0
598,steady,0,20000,1200,835168,835168,0,25652,50000,30000,668784,701818,7719824,7630504,476,0.0115702,0,0
599,steady,0,20000,1195,835168,835168,0,25652,50000,30000,665795,701818,7722813,7630504,474,0.0119528,0,0
